,name,ads_co2_0.1bar_mol_per_kg
0,mof-18064ae6,4.047024012
1,mof-1c011ef6,1.7174745628
2,mof-a59fd046,1.5510262768
3,mof-2ce48676,1.4918737399
4,mof-e18c891e,1.4524999664
5,mof-c48033e3,1.3737071477
6,mof-020d767a,1.2794233925
7,mof-86da4aaf,1.1916197571
8,mof-a6adffec,1.1318961678
9,mof-12e30d56,1.0475749199
10,mof-cdd31768,1.0143157128
